-- phpMyAdmin SQL Dump
-- version 5.2.1
-- https://www.phpmyadmin.net/
--
-- Хост: 127.0.0.1
-- Время создания: Дек 04 2024 г., 18:54
-- Версия сервера: 10.4.32-MariaDB
-- Версия PHP: 8.2.12

SET SQL_MODE = "NO_AUTO_VALUE_ON_ZERO";
START TRANSACTION;
SET time_zone = "+00:00";


/*!40101 SET @OLD_CHARACTER_SET_CLIENT=@@CHARACTER_SET_CLIENT */;
/*!40101 SET @OLD_CHARACTER_SET_RESULTS=@@CHARACTER_SET_RESULTS */;
/*!40101 SET @OLD_COLLATION_CONNECTION=@@COLLATION_CONNECTION */;
/*!40101 SET NAMES utf8mb4 */;

--
-- База данных: `sweets`
--

-- --------------------------------------------------------

--
-- Структура таблицы `поставщики`
--

CREATE TABLE `поставщики` (
  `ID_Поставщика` int(11) NOT NULL,
  `Название` varchar(100) NOT NULL,
  `Номер` varchar(15) DEFAULT NULL,
  `Адрес` varchar(255) DEFAULT NULL
) ENGINE=InnoDB DEFAULT CHARSET=utf8mb4 COLLATE=utf8mb4_general_ci;

--
-- Дамп данных таблицы `поставщики`
--

INSERT INTO `поставщики` (`ID_Поставщика`, `Название`, `Номер`, `Адрес`) VALUES
(1, 'Конфеты Плюс', '89990001122', 'г. Москва, ул. Ленина, д. 10'),
(2, 'Сладкий Мир', '89990002233', 'г. Санкт-Петербург, ул. Пушкина, д. 5'),
(3, 'Шоколадный Завод', '89990003344', 'г. Екатеринбург, ул. Мира, д. 12'),
(4, 'Ириска', '89990004455', 'г. Казань, ул. Победы, д. 1'),
(5, 'Мармеладка', '89990005566', 'г. Новосибирск, ул. Сибирская, д. 7'),
(6, 'Фруктовые Сладости', '89990006677', 'г. Ростов-на-Дону, ул. Ворошилова, д. 4'),
(7, 'Шоколад и Ко', '89990007788', 'г. Самара, ул. Гагарина, д. 8'),
(8, 'Десертный Рай', '89990008899', 'г. Нижний Новгород, ул. Ломоносова, д. 3'),
(9, 'Сладкие Мечты', '89990009900', 'г. Челябинск, ул. Чкалова, д. 11');

-- --------------------------------------------------------

--
-- Структура таблицы `видыконфет`
--

CREATE TABLE `видыконфет` (
  `ID_Конфет` int(11) NOT NULL,
  `Название` varchar(100) NOT NULL,
  `Цена` decimal(10,2) NOT NULL
) ENGINE=InnoDB DEFAULT CHARSET=utf8mb4 COLLATE=utf8mb4_general_ci;

--
-- Дамп данных таблицы `видыконфет`
--

INSERT INTO `видыконфет` (`ID_Конфет`, `Название`, `Цена`) VALUES
(1, 'Карамель', 200.00),
(2, 'Шоколадные ', 600.00),
(3, 'Мармелад', 150.00),
(4, 'Ириски', 180.00),
(5, 'Грильяж', 250.00),
(6, 'Пралине', 350.00),
(7, 'Зефир в шоколаде', 400.00),
(8, 'Леденцы', 100.00);

-- --------------------------------------------------------

--
-- Структура таблицы `журналпоступленияиотпуска`
--

CREATE TABLE `журналпоступленияиотпуска` (
  `ID` int(11) NOT NULL,
  `ID_Конфет` int(11) NOT NULL,
  `ID_Поставщика` int(11) NOT NULL,
  `ID_Точки` int(11) NOT NULL,
  `Дата` datetime NOT NULL,
  `Количество` decimal(10,2) NOT NULL
) ENGINE=InnoDB DEFAULT CHARSET=utf8mb4 COLLATE=utf8mb4_general_ci;

--
-- Дамп данных таблицы `журналпоступленияиотпуска`
--

INSERT INTO `журналпоступленияиотпуска` (`ID`, `ID_Конфет`, `ID_Поставщика`, `ID_Точки`, `Дата`, `Количество`) VALUES
(11, 1, 1, 1, '2024-12-01 10:00:00', 50.00),
(12, 2, 2, 2, '2024-12-01 11:00:00', 30.00),
(13, 3, 3, 3, '2024-12-02 12:30:00', 40.00),
(14, 4, 4, 4, '2024-12-02 13:15:00', 20.00),
(15, 5, 5, 5, '2024-12-03 14:00:00', 60.00),
(16, 6, 6, 6, '2024-12-03 15:45:00', 25.00),
(17, 7, 7, 7, '2024-12-04 09:00:00', 35.00),
(18, 8, 8, 8, '2024-12-04 16:30:00', 45.00);

-- --------------------------------------------------------

--
-- Структура таблицы `торговыеточки`
--

CREATE TABLE `торговыеточки` (
  `ID_Точки` int(11) NOT NULL,
  `Название` varchar(100) NOT NULL,
  `Адрес` varchar(255) DEFAULT NULL,
  `Номер` varchar(15) DEFAULT NULL
) ENGINE=InnoDB DEFAULT CHARSET=utf8mb4 COLLATE=utf8mb4_general_ci;

--
-- Дамп данных таблицы `торговыеточки`
--

INSERT INTO `торговыеточки` (`ID_Точки`, `Название`, `Адрес`, `Номер`) VALUES
(1, 'Магазин Сладости', 'г. Москва, ул. Тверская, д. 3', '89990001123'),
(2, 'Магазин Шоколадка', 'г. Санкт-Петербург, ул. Невский пр., д. 25', '89990002234'),
(3, 'Сладкий Мир в ТЦ', 'г. Екатеринбург, ул. Толмачева, д. 6', '89990003345'),
(4, 'Шоколадный Магазин', 'г. Казань, ул. Баки Урманче, д. 9', '89990004456'),
(5, 'Сладкая Лавка', 'г. Новосибирск, ул. Чкаловская, д. 17', '89990005567'),
(6, 'Шоколадное Королевство', 'г. Ростов-на-Дону, ул. Красноармейская, д. 22', '89990006678'),
(7, 'Фруктовый Базар', 'г. Самара, ул. Солнечная, д. 5', '89990007789'),
(8, 'Золотая Конфета', 'г. Нижний Новгород, ул. Карла Маркса, д. 4', '89990008890'),
(9, 'Конфетный Рай', 'г. Челябинск, ул. Победы, д. 12', '89990009901');

--
-- Индексы сохранённых таблиц
--

--
-- Индексы таблицы `поставщики`
--
ALTER TABLE `поставщики`
  ADD PRIMARY KEY (`ID_Поставщика`);

--
-- Индексы таблицы `видыконфет`
--
ALTER TABLE `видыконфет`
  ADD PRIMARY KEY (`ID_Конфет`);

--
-- Индексы таблицы `журналпоступленияиотпуска`
--
ALTER TABLE `журналпоступленияиотпуска`
  ADD PRIMARY KEY (`ID`),
  ADD KEY `ID_Конфет` (`ID_Конфет`),
  ADD KEY `ID_Поставщика` (`ID_Поставщика`),
  ADD KEY `ID_Точки` (`ID_Точки`);

--
-- Индексы таблицы `торговыеточки`
--
ALTER TABLE `торговыеточки`
  ADD PRIMARY KEY (`ID_Точки`);

--
-- AUTO_INCREMENT для сохранённых таблиц
--

--
-- AUTO_INCREMENT для таблицы `поставщики`
--
ALTER TABLE `поставщики`
  MODIFY `ID_Поставщика` int(11) NOT NULL AUTO_INCREMENT, AUTO_INCREMENT=10;

--
-- AUTO_INCREMENT для таблицы `видыконфет`
--
ALTER TABLE `видыконфет`
  MODIFY `ID_Конфет` int(11) NOT NULL AUTO_INCREMENT, AUTO_INCREMENT=9;

--
-- AUTO_INCREMENT для таблицы `журналпоступленияиотпуска`
--
ALTER TABLE `журналпоступленияиотпуска`
  MODIFY `ID` int(11) NOT NULL AUTO_INCREMENT, AUTO_INCREMENT=19;

--
-- AUTO_INCREMENT для таблицы `торговыеточки`
--
ALTER TABLE `торговыеточки`
  MODIFY `ID_Точки` int(11) NOT NULL AUTO_INCREMENT, AUTO_INCREMENT=10;

--
-- Ограничения внешнего ключа сохраненных таблиц
--

--
-- Ограничения внешнего ключа таблицы `журналпоступленияиотпуска`
--
ALTER TABLE `журналпоступленияиотпуска`
  ADD CONSTRAINT `журналпоступленияиотпуска_ibfk_1` FOREIGN KEY (`ID_Конфет`) REFERENCES `видыконфет` (`ID_Конфет`),
  ADD CONSTRAINT `журналпоступленияиотпуска_ibfk_2` FOREIGN KEY (`ID_Поставщика`) REFERENCES `поставщики` (`ID_Поставщика`),
  ADD CONSTRAINT `журналпоступленияиотпуска_ibfk_3` FOREIGN KEY (`ID_Точки`) REFERENCES `торговыеточки` (`ID_Точки`);
COMMIT;

/*!40101 SET CHARACTER_SET_CLIENT=@OLD_CHARACTER_SET_CLIENT */;
/*!40101 SET CHARACTER_SET_RESULTS=@OLD_CHARACTER_SET_RESULTS */;
/*!40101 SET COLLATION_CONNECTION=@OLD_COLLATION_CONNECTION */;
